-- phpMyAdmin SQL Dump
-- version 4.3.8
-- http://www.phpmyadmin.net
--
-- Host: localhost
-- Generation Time: Jun 06, 2015 at 01:23 PM
-- Server version: 5.5.42-37.1
-- PHP Version: 5.4.23

SET SQL_MODE = "NO_AUTO_VALUE_ON_ZERO";
SET time_zone = "+00:00";


/*!40101 SET @OLD_CHARACTER_SET_CLIENT=@@CHARACTER_SET_CLIENT */;
/*!40101 SET @OLD_CHARACTER_SET_RESULTS=@@CHARACTER_SET_RESULTS */;
/*!40101 SET @OLD_COLLATION_CONNECTION=@@COLLATION_CONNECTION */;
/*!40101 SET NAMES utf8 */;

--
-- Database: `cykoduck_TCAD04272015`
--

-- --------------------------------------------------------

--
-- Table structure for table `IMP_DET`
--

TRUNCATE TABLE `IMP_DET`;

--
-- Dumping data for table `IMP_DET`
--

INSERT INTO `IMP_DET` (`prop_id`, `prop_val_yr`, `imprv_id`, `imprv_det_id`, `Imprv_det_type_cd`, `Imprv_det_type_desc`, `Imprv_det_class_cd`, `yr_built`, `depreciation_yr`, `imprv_det_area`, `imprv_det_val`, `sketch_cmds`) VALUES
(253870, 2015, 212761, 247763, '1ST       ', '1st Floor                ', 'WV        ', 1965, 1965, 1774, 118920, '                                                                                                                           \r'),
(253870, 2015, 212761, 247764, '2ND       ', '2nd Floor                ', 'WW        ', 1965, 1965, 1134, 64170, '                                                                                                                           \r'),
(253870, 2015, 212761, 1072318, '011       ', 'PORCH OPEN 1ST F         ', '*         ', 1965, 1965, 36, 353, '                                                                                                                           \r'),
(253870, 2015, 212761, 1072319, '041       ', 'GARAGE ATT 1ST F         ', 'WV        ', 1965, 1965, 594, 11463, '                                                                                                                           \r'),
(253870, 2015, 212761, 1072320, '095       ', 'HVAC RESIDENTIAL         ', '*         ', 1965, 1965, 2908, 5016, '                                                                                                                           \r'),
(253870, 2015, 212761, 1072321, '251       ', 'BATHROOM                 ', '*         ', 1965, 1965, 3, 0, '                                                                                                                           \r'),
(253870, 2015, 212761, 1072322, '522       ', 'FIREPLACE                ', '*         ', 1965, 1965, 1, 2588, '                                                                                                                           \r'),
(253870, 2015, 212761, 1072323, '612       ', 'TERRACE UNCOVERD         ', '*         ', 1965, 1965, 320, 1380, '                                                                                                                           \r'),
(253875, 2015, 212766, 247769, '1ST       ', '1st Floor                ', 'WV        ', 1965, 1965, 1701, 103367, '                                                                                                                           \r'),
(253875, 2015, 212766, 247770, '2ND       ', '2nd Floor                ', 'WS        ', 1965, 1965, 992, 50327, '                                                                                                                           \r'),
(253875, 2015, 212766, 1072365, '011       ', 'PORCH OPEN 1ST F         ', '*         ', 1965, 1965, 325, 2763, '                                                                                                                           \r'),
(253875, 2015, 212766, 1072366, '011       ', 'PORCH OPEN 1ST F         ', '*         ', 1965, 1965, 168, 1428, '                                                                                                                           \r'),
(253875, 2015, 212766, 1072367, '041       ', 'GARAGE ATT 1ST F         ', 'WV        ', 1965, 1965, 594, 9935, '                                                                                                                           \r'),
(253875, 2015, 212766, 1072368, '095       ', 'HVAC RESIDENTIAL         ', '*         ', 1965, 1965, 2693, 4026, '                                                                                                                           \r'),
(253875, 2015, 212766, 1072369, '251       ', 'BATHROOM                 ', '*         ', 1965, 1965, 2, 0, '                                                                                                                           \r'),
(253875, 2015, 212766, 1072371, '522       ', 'FIREPLACE                ', '*         ', 1965, 1965, 1, 2243, '                                                                                                                           \r'),
(253875, 2015, 212766, 1072373, '604       ', 'POOL RES CONC            ', '*         ', 1965, 1965, 1, 1150, '                                                                                                                           \r'),
(253877, 2015, 212768, 247772, '1ST       ', '1st Floor                ', 'WV        ', 1965, 1965, 2914, 221385, '                                                                                                                           \r'),
(253877, 2015, 212768, 1072386, '011       ', 'PORCH OPEN 1ST F         ', '*         ', 1965, 1965, 112, 1245, '                                                                                                                           \r'),
(253877, 2015, 212768, 1072387, '095       ', 'HVAC RESIDENTIAL         ', '*         ', 1965, 1965, 2914, 5697, '                                                                                                                           \r'),
(253877, 2015, 212768, 1072388, '251       ', 'BATHROOM                 ', '*         ', 1965, 1965, 2, 0, '                                                                                                                           \r'),
(253877, 2015, 212768, 1072389, '522       ', 'FIREPLACE                ', '*         ', 1965, 1965, 1, 2933, '                                                                                                                           \r'),
(253877, 2015, 212768, 1072390, '612       ', 'TERRACE UNCOVERD         ', '*         ', 1965, 1965, 304, 1486, '                                                                                                                           \r'),
(253882, 2015, 212773, 247777, '1ST       ', '1st Floor                ', 'WV        ', 1965, 1965, 2940, 197083, '                                                                                                                           \r'),
(253882, 2015, 212773, 1072429, '011       ', 'PORCH OPEN 1ST F         ', '*         ', 1965, 1965, 94, 923, '                                                                                                                           \r'),
(253882, 2015, 212773, 1072430, '041       ', 'GARAGE ATT 1ST F         ', 'WV        ', 1965, 1965, 420, 8105, '                                                                                                                           \r'),
(253882, 2015, 212773, 1072431, '095       ', 'HVAC RESIDENTIAL         ', '*         ', 1965, 1965, 2940, 5072, '                                                                                                                           \r'),
(253882, 2015, 212773, 1072432, '251       ', 'BATHROOM                 ', '*         ', 1965, 1965, 2, 0, '                                                                                                                           \r'),
(253882, 2015, 212773, 1072433, '522       ', 'FIREPLACE                ', '*         ', 1965, 1965, 1, 2588, '                                                                                                                           \r');

--
-- Indexes for dumped tables
--

--
-- Indexes for table `IMP_DET`
--
ALTER TABLE `IMP_DET`
  ADD KEY `prop_id` (`prop_id`);

/*!40101 SET CHARACTER_SET_CLIENT=@OLD_CHARACTER_SET_CLIENT */;
/*!40101 SET CHARACTER_SET_RESULTS=@OLD_CHARACTER_SET_RESULTS */;
/*!40101 SET COLLATION_CONNECTION=@OLD_COLLATION_CONNECTION */;


--
-- Dumping data for table `PROP`
--

TRUNCATE TABLE `PROP`;

INSERT INTO `PROP` (`prop_id`, `prop_type_cd`, `prop_val_yr`, `sup_num`, `sup_action`, `sup_cd`, `sup_desc`, `geo_id`, `py_owner_id`, `py_owner_name`, `partial_owner`, `udi_group`, `filler1`, `py_addr_line1`, `py_addr_line2`, `py_addr_line3`, `py_addr_city`, `py_addr_state`, `py_addr_country`, `py_addr_zip`, `py_addr_zip_cass`, `py_addr_zip_rt`, `py_confidential_flag`, `py_address_suppress_Flag`, `filler2`, `py_addr_ml_deliverable`, `filler3`, `situs_street_prefx`, `situs_street`, `situs_street_suffix`, `situs_city`, `situs_zip`, `legal_desc`, `legal_desc2`, `legal_acreage`, `abs_subdv_cd`, `hood_cd`, `block`, `tract_or_lot`, `land_hstd_val`, `land_non_hstd_val`, `imprv_hstd_val`, `imprv_non_hstd_val`, `ag_use_val`, `ag_market`, `timber_use`, `timber_market`, `appraised_val`, `ten_percent_cap`, `assessed_val`, `filler4`, `arb_protest_flag`, `filler5`, `deed_book_id`, `deed_book_page`, `deed_dt`, `mortgage_co_id`, `mortage_co_name`, `mortgage_acct_id`, `jan1_owner_id`, `jan1_owner_name`, `jan1_addr_line1`, `jan1_addr_line2`, `jan1_addr_line3`, `jan1_addr_city`, `jan1_addr_state`, `jan1_addr_country`, `jan1_addr_zip`, `jan1_addr_zip_cass`, `jan1_addr_zip_rt`, `jan1_confidential_flag`, `jan1_address_suppress_Flag`, `filler6`, `jan1_ml_deliverable`, `hs_exempt`, `ov65_exempt`, `ov65_prorate_begin`, `ov65_prorate_end`, `ov65s_exempt`, `dp_exempt`, `dv1_exempt`, `dv1s_exempt`, `dv2_exempt`, `dv2s_exempt`, `dv3_exempt`, `dv3s_exempt`, `dv4_exempt`, `dv4s_exempt`, `ex_exempt`, `ex_prorate_begin`, `ex_prorate_end`, `lve_exempt`, `ab_exempt`, `en_exempt`, `fr_exempt`, `ht_exempt`, `pro_exempt`, `pc_exempt`, `so_exempt`, `ex366_exempt`, `ch_exempt`, `imprv_state_cd`, `land_state_cd`, `personal_state_cd`, `mineral_state_cd`, `land_acres`, `entity_agent_id`, `entity_agent_name`, `entity_agent_addr_line1`, `entity_agent_addr_line2`, `entity_agent_addr_line3`, `entity_agent_city`, `entity_agent_state`, `entity_agent_country`, `entity_agent_zip`, `entity_agent_zip_cass`, `entity_agent_zip_rt`, `filler7`, `ca_agent_id`, `ca_agent_name`, `ca_agent_addr_line1`, `ca_agent_addr_line2`, `ca_agent_addr_line3`, `ca_agent_city`, `ca_agent_state`, `ca_agent_country`, `ca_agent_zip`, `ca_agent_zip_cass`, `ca_agent_zip_rt`, `filler8`, `arb_agent_id`, `arb_agent_name`, `arb_agent_addr_line1`, `arb_agent_addr_line2`, `arb_agent_addr_line3`, `arb_agent_city`, `arb_agent_state`, `arb_agent_country`, `arb_agent_zip`, `arb_agent_zip_cass`, `arb_agent_zip_rt`, `filler9`, `mineral_type_of_int`, `mineral_int_pct`, `productivity_use_code`, `filler10`, `timber_78_market`, `ag_late_loss`, `late_freeport_penalty`, `filler11`, `filler12`, `filler13`, `dba`, `filler14`, `market_value`, `mh_label`, `mh_serial`, `mh_model`, `filler15`, `filler16`, `filler17`, `ov65_deferral_date`, `dp_deferral_date`, `ref_id1`, `ref_id2`, `situs_num`, `situs_unit`, `appr_owner_id`, `appr_owner_name`, `appr_addr_line1`, `appr_addr_line2`, `appr_addr_line3`, `appr_addr_city`, `appr_addr_state`, `appr_addr_country`, `appr_addr_zip`, `appr_addr_zip_cass`, `appr_addr_zip_rt`, `appr_ml_deliverable`, `appr_confidential_flag`, `appr_address_suppress_Flag`, `appr_confidential_name`, `py_confidential_name`, `jan1_confidential_name`, `sic_code`, `rendition_filed`, `rendition_date`, `rendition_penalty`, `rendition_penalty_date_paid`, `rendition_fraud_penalty`, `rendition_fraud_penalty_date_paid`, `filler18`, `entities`, `eco_exempt`, `dataset_id`, `deed_num`, `chodo_exempt`, `local_option_pct_only_flag_hs`, `local_option_pct_only_flag_ov65`, `local_option_pct_only_flag_ov65s`, `local_option_pct_only_flag_dp`, `freeze_only_flag_ov65`, `freeze_only_flag_ov65s`, `freeze_only_flag_dp`, `apply_percent_exemption_flag`, `exemption_percentage`, `vit_flag`, `lih_exempt`, `git_exempt`, `dps_exempt`, `dps_deferral_date`, `local_option_pct_only_flag_dps`, `freeze_only_flag_dps`) VALUES
(253870, 'R    ', 2015, 0, '  ', '          ', '                                                                                                                                                                                                                                                               ', 0247010412, 228762, 'BARR ELIZABETH R        ', 'F', 0, '  ', '                                                            ', '4016 GREENHILL PL                                           ', '                                                            ', 'AUSTIN                                            ', 'TX                                                ', '     ', 78759, '8115', '16', 'F', 'F', '          ', 'Y', '          ', '          ', 'GREENHILL                                         ', 'PL        ', '                              ', 78759, 'LOT 12 BLK O WESTOVER HILLS SEC 2                                                                                                                                                                                                                              ', '                                                                                                                                                                                                                                                               ', 2921, 'S15235    ', 'X1000     ', 'O                                                 ', '12                                                ', 200000, 0, 301757, 0, 0, 0, 0, 0, 501757, 75837, 425920, '          ', 'F', '          ', 0, 0, '12032003         ', 0, '                                                                      ', '                                                  ', 0, '                                                                      ', '                                                            ', '                                                            ', '                                                            ', '                                                  ', '                                                  ', '     ', '     ', '    ', '  ', ' ', 'F', '          ', ' ', 'T', 'F', '          ', '          ', 'F', 'F', 'F', 'F', 'F', 'F', 'F', 'F', 'F', 'F', 'F', '          ', '          ', 'F', 'F', 'F', 'F', 'F', 'F', 'F', 'F', 'F', 'F', 'A1', 'A1', '          ', '          ', 2921, 0, '                                                                      ', '                                                            ', '                                                            ', '                                                            ', '                                                  ', '                                                  ', '     ', '     ', '    ', '  ', '          ', 1440843, 'TAX TIGER                                                             ', '                                                            ', '11211 TAYLOR DRAPER LN STE 305                              ', '                                                            ', 'AUSTIN                                            ', 'TX                                                ', '     ', '78759', '    ', '  ', '          ', 1440843, 'TAX TIGER                                                             ', '                                                            ', '11211 TAYLOR DRAPER LN STE 305                    ', '                                                            ', 'AUSTIN                                            ', 'TX                                                ', '     ', '78759', '    ', '  ', '          ', '     ', 0, '   ', '          ', 0, 0, 0, '  ', '     ', '  ', '                                        ', '          ', 501757, '                    ', '                    ', '                    ', ' ', ' ', '          ', '          ', '          ', '          ', 2147483647, 4016, '     ', 228762, 'BARR ELIZABETH R                                                      ', '                                                            ', '4016 GREENHILL PL                                           ', '                                                            ', 'AUSTIN                                            ', 'TX                                                ', '     ', 78759, '8115', '16', 'Y', 'F', 'F', '          ', '          ', '          ', '     ', 'F', '          ', 0, '          ', 0, '          ', '          ', '0A, 01, 02, 03, 2J, 68                                                                                                                      ', 'F', 5148, '2003281366TR                                      ', 'F', 'F', 'F', 'F', 'F', 'F', 'F', 'F', 'F', 2147483647, 'F', 'F', 'F', 'F', '                         ', ' ', 'F'),
(253875, 'R    ', 2015, 0, '  ', '          ', '                                                                                                                                                                                                                                                               ', 0247010502, 228766, 'CHUBERKA MARK T & SUZANN', 'F', 0, '  ', 'SUZANNE M FREYJADIS-CHUBERKA                                ', '4023 GREENHILL PL                                           ', '                                                            ', 'AUSTIN                                            ', 'TX                                                ', '     ', 78759, '8114', '23', 'F', 'F', '          ', 'Y', '          ', '          ', 'GREENHILL                                         ', 'PL        ', '                              ', 78759, 'LOT 2 BLK M WESTOVER HILLS SEC 2                                                                                                                                                                                                                               ', '                                                                                                                                                                                                                                                               ', 2685, 'S15235    ', 'X1000     ', 'M                                                 ', '2                                                 ', 200000, 0, 259354, 0, 0, 0, 0, 0, 459354, 8038, 451316, '          ', 'F', '          ', 0, 0, '01142004         ', 0, '                                                                      ', '                                                  ', 0, '                                                                      ', '                                                            ', '                                                            ', '                                                            ', '                                                  ', '                                                  ', '     ', '     ', '    ', '  ', ' ', 'F', '          ', ' ', 'T', 'F', '          ', '          ', 'F', 'F', 'F', 'F', 'F', 'F', 'F', 'F', 'F', 'F', 'F', '          ', '          ', 'F', 'F', 'F', 'F', 'F', 'F', 'F', 'F', 'F', 'F', 'A1', 'A1', '          ', '          ', 2685, 0, '                                                                      ', '                                                            ', '                                                            ', '                                                            ', '                                                  ', '                                                  ', '     ', '     ', '    ', '  ', '          ', 0, '                                                                      ', '                                                            ', '                                                            ', '                                                            ', '                                                  ', '                                                  ', '     ', '     ', '    ', '  ', '          ', 0, '                                                                      ', '                                                            ', '                                                  ', '                                                            ', '                                                  ', '                                                  ', '     ', '     ', '    ', '  ', '          ', '     ', 0, '   ', '          ', 0, 0, 0, '  ', '     ', '  ', '                                        ', '          ', 459354, '                    ', '                    ', '                    ', ' ', ' ', '          ', '          ', '          ', '          ', 2147483647, 4023, '     ', 228766, 'CHUBERKA MARK T & SUZANNE M FR                                        ', 'SUZANNE M FREYJADIS-CHUBERKA                                ', '4023 GREENHILL PL                                           ', '                                                            ', 'AUSTIN                                            ', 'TX                                                ', '     ', 78759, '8114', '23', 'Y', 'F', 'F', '          ', '          ', '          ', '     ', 'F', '          ', 0, '          ', 0, '          ', '          ', '0A, 01, 02, 03, 2J, 68                                                                                                                      ', 'F', 5148, '2004009114TR                                      ', 'F', 'F', 'F', 'F', 'F', 'F', 'F', 'F', 'F', 2147483647, 'F', 'F', 'F', 'F', '                         ', ' ', 'F'),
(253877, 'R    ', 2015, 0, '  ', '          ', '                                                                                                                                                                                                                                                               ', 0247010504, 228768, 'BLOUNT WILLIAM C & BECKY', 'F', 0, '  ', '                                                            ', '4019 GREENHILL PL                                           ', '                                                            ', 'AUSTIN                                            ', 'TX                                                ', '     ', 78759, '8114', '19', 'F', 'F', '          ', 'Y', '          ', '          ', 'GREENHILL                                         ', 'PL        ', '                              ', 78759, 'LOT 4 BLK M WESTOVER HILLS SEC 2                                                                                                                                                                                                                               ', '                                                                                                                                                                                                                                                               ', 2643, 'S15235    ', 'X1000     ', 'M                                                 ', '4                                                 ', 200000, 0, 344464, 0, 0, 0, 0, 0, 544464, 33841, 510623, '          ', 'F', '          ', 12573, 1164, '11171995         ', 0, '                                                                      ', '                                                  ', 0, '                                                                      ', '                                                            ', '                                                            ', '                                                            ', '                                                  ', '                                                  ', '     ', '     ', '    ', '  ', ' ', 'F', '          ', ' ', 'T', 'F', '          ', '          ', 'F', 'F', 'F', 'F', 'F', 'F', 'F', 'F', 'F', 'F', 'F', '          ', '          ', 'F', 'F', 'F', 'F', 'F', 'F', 'F', 'F', 'F', 'F', 'A1', 'A1', '          ', '          ', 2643, 0, '                                                                      ', '                                                            ', '                                                            ', '                                                            ', '                                                  ', '                                                  ', '     ', '     ', '    ', '  ', '          ', 0, '                                                                      ', '                                                            ', '                                                            ', '                                                            ', '                                                  ', '                                                  ', '     ', '     ', '    ', '  ', '          ', 0, '                                                                      ', '                                                            ', '                                                  ', '                                                            ', '                                                  ', '                                                  ', '     ', '     ', '    ', '  ', '          ', '     ', 0, '   ', '          ', 0, 0, 0, '  ', '     ', '  ', '                                        ', '          ', 544464, '                    ', '                    ', '                    ', ' ', ' ', '          ', '          ', '          ', '          ', 2147483647, 4019, '     ', 228768, 'BLOUNT WILLIAM C & BECKY A                                            ', '                                                            ', '4019 GREENHILL PL                                           ', '                                                            ', 'AUSTIN                                            ', 'TX                                                ', '     ', 78759, '8114', '19', 'Y', 'F', 'F', '          ', '          ', '          ', '     ', 'F', '          ', 0, '          ', 0, '          ', '          ', '0A, 01, 02, 03, 2J, 68                                                                                                                      ', 'F', 5148, '                                                  ', 'F', 'F', 'F', 'F', 'F', 'F', 'F', 'F', 'F', 2147483647, 'F', 'F', 'F', 'F', '                         ', ' ', 'F'),
(253882, 'R    ', 2015, 0, '  ', '          ', '                                                                                                                                                                                                                                                               ', 0247010509, 228773, 'PAYTON RICHARD & KIMBERL', 'F', 0, '  ', '                                                            ', '4009 GREENHILL PL                                           ', '                                                            ', 'AUSTIN                                            ', 'TX                                                ', '     ', 78759, '8114', '09', 'F', 'F', '          ', 'Y', '          ', '          ', 'GREENHILL                                         ', 'PL        ', '                              ', 78759, 'LOT 9 BLK M WESTOVER HILLS SEC 2                                                                                                                                                                                                                               ', '                                                                                                                                                                                                                                                               ', 2752, 'S15235    ', 'X1000     ', 'M                                                 ', '9                                                 ', 200000, 0, 316381, 0, 0, 0, 0, 0, 516381, 36636, 479745, '          ', 'F', '          ', 0, 0, '06272002         ', 0, '                                                                      ', '                                                  ', 0, '                                                                      ', '                                                            ', '                                                            ', '                                                            ', '                                                  ', '                                                  ', '     ', '     ', '    ', '  ', ' ', 'F', '          ', ' ', 'T', 'F', '          ', '          ', 'F', 'F', 'F', 'F', 'F', 'F', 'F', 'F', 'F', 'F', 'F', '          ', '          ', 'F', 'F', 'F', 'F', 'F', 'F', 'F', 'F', 'F', 'F', 'A1', 'A1', '          ', '          ', 2752, 0, '                                                                      ', '                                                            ', '                                                            ', '                                                            ', '                                                  ', '                                                  ', '     ', '     ', '    ', '  ', '          ', 1332651, 'BILL MARTIN, AIA                                                      ', '8802 SILVERARROW CT                                         ', '                                                            ', '                                                            ', 'AUSTIN                                            ', 'TX                                                ', '     ', '78759', '    ', '  ', '          ', 1332651, 'BILL MARTIN, AIA                                                      ', '8802 SILVERARROW CT                                         ', '                                                  ', '                                                            ', 'AUSTIN                                            ', 'TX                                                ', '     ', '78759', '    ', '  ', '          ', '     ', 0, '   ', '          ', 0, 0, 0, '  ', '     ', '  ', '                                        ', '          ', 516381, '                    ', '                    ', '                    ', ' ', ' ', '          ', '          ', '          ', '          ', 2147483647, 4009, '     ', 228773, 'PAYTON RICHARD & KIMBERLY                                             ', '                                                            ', '4009 GREENHILL PL                                           ', '                                                            ', 'AUSTIN                                            ', 'TX                                                ', '     ', 78759, '8114', '09', 'Y', 'F', 'F', '          ', '          ', '          ', '     ', 'F', '          ', 0, '          ', 0, '          ', '          ', '0A, 01, 02, 03, 2J, 68                                                                                                                      ', 'F', 5148, '2002121625TR                                      ', 'F', 'F', 'F', 'F', 'F', 'F', 'F', 'F', 'F', 2147483647, 'F', 'F', 'F', 'F', '                         ', ' ', 'F');

--
-- Indexes for dumped tables
--

--
-- Indexes for table `PROP`
--
ALTER TABLE `PROP`
  ADD PRIMARY KEY (`prop_id`), ADD KEY `PropHood` (`hood_cd`), ADD KEY `prop_id` (`prop_id`), ADD KEY `prop_id_2` (`prop_id`);
  
  --
-- Truncate table before insert `SPECIAL_PROPDATA`
--

TRUNCATE TABLE `SPECIAL_PROPDATA`;
--
-- Dumping data for table `SPECIAL_PROPDATA`
--

INSERT INTO `SPECIAL_PROPDATA` (`prop_id`, `prop_val_yr`, `yr_built`, `liv_area`, `land_sqft`, `land_acre`, `region`, `hood`, `map_id`, `land_num_lots`, `eff_yr_built`, `imprv_num_units`, `last_appr`, `next_appr`, `land_appr`, `val_appr`, `hood_appr`, `subd_appr`, `cat_appr`, `next_appr_reason`, `prop_comm`, `prop_rem`, `value_meth_cd`) VALUES
(253870, 2015, 1965, 2908, 12724, 0.2921, '1', 'X1000', '014208', 1, 1965, 1, '', 'RXM', '', '', 'RXM', '', '', '', 'CREATED X1000 AND MOVED ALL PROPERTIES WITHIN BOUNDARIES INTO IT. CXB 1/7/13// ', '', 'C    '),
(253875, 2015, 1965, 2693, 11694, 0.2685, '1', 'X1000', '014208', 1, 1965, 1, '', 'RXM', '', '', 'RXM', '', '', '', 'CREATED X1000 AND MOVED ALL PROPERTIES WITHIN BOUNDARIES INTO IT. CXB 1/7/13// ', '', 'C    '),
(253877, 2015, 1965, 2914, 11512.3, 0.2643, '1', 'X1000', '014208', 1, 1965, 1, '', 'RXM', '', '', 'RXM', '', '', '', 'CREATED X1000 AND MOVED ALL PROPERTIES WITHIN BOUNDARIES INTO IT. CXB 1/7/13// ', '', 'C    '),
(253882, 2015, 1965, 2940, 11987.4, 0.2752, '1', 'X1000', '014208', 1, 1965, 1, '', 'RXM', '', '', 'RXM', '', '', '', 'CREATED X1000 AND MOVED ALL PROPERTIES WITHIN BOUNDARIES INTO IT. CXB 1/7/13// ', '', 'C    ');


--
-- Truncate table before insert `SPECIAL_IMP`
--

TRUNCATE TABLE `SPECIAL_IMP`;
--
-- Dumping data for table `SPECIAL_IMP`
--

INSERT INTO `SPECIAL_IMP` (`prop_id`, `prop_val_yr`, `supp_num`, `imprv_id`, `improv_type_code`, `state_code`, `homesite`, `yr_built`, `descript`, `num_imprv`, `comm`, `num_stories`, `base_deprec_perc`, `base_deprec_comm`, `phy_perc`, `phy_comm`, `func_perc`, `func_comm`, `eco_perc`, `eco_comm`, `perc_complete`, `perc_complete_comm`, `tot_det_val`, `imprv_val`, `imprv_val_src`, `entity_perc`, `adjust_perc`, `det_id`, `det_num_units`, `det_num_stories`, `det_class_code`, `det_method`, `det_subclass`, `det_unitprice`, `det_add_fact`, `det_area`, `det_base_deprec_perc`, `det_base_deprec_comm`, `det_phy_perc`, `det_phy_comm`, `det_func_perc`, `det_func_comm`, `det_eco_perc`, `det_eco_comm`, `det_perc_complete`, `det_perc_complete_comm`, `det_val`, `det_val_src`, `det_use_unit_price`, `det_stories_mult`, `det_calc_val`, `det_cond_code`, `det_yr_built`, `det_eff_yr_built`, `det_age`, `det_adj_perc`) VALUES
(253870, 2015, 0, 212761, '01', 'A1', 'Y', 1965, '1 FAM DWELLING', 1, '', '1', 100, '', 0, '', 0, '', 0, '', 100, '', 203890, 301757, 'A', '', 'S15235: 0.00%; X1000: 148.00%', 247763, 1, 0, 'WV', '01', '5-', 89.38, 100, 1774, 75, '.00', 0, '.00', 0, '.00', 0, '.00', 100, '', 118920, 'A', 'T', '0', 158560, 'A', 1965, 1965, 0, '\r'),
(253870, 2015, 0, 212761, '01', 'A1', 'Y', 1965, '1 FAM DWELLING', 1, '', '1', 100, '', 0, '', 0, '', 0, '', 100, '', 203890, 301757, 'A', '', 'S15235: 0.00%; X1000: 148.00%', 247764, 1, 0, 'WW', '01', '5-', 75.45, 100, 1134, 75, '.00', 0, '.00', 0, '.00', 0, '.00', 100, '', 64170, 'A', 'F', '0', 85560, 'A', 1965, 1965, 0, '\r'),
(253870, 2015, 0, 212761, '01', 'A1', 'Y', 1965, '1 FAM DWELLING', 1, '', '1', 100, '', 0, '', 0, '', 0, '', 100, '', 203890, 301757, 'A', '', 'S15235: 0.00%; X1000: 148.00%', 1072318, 1, 0, '*', '*', '5-', 13.08, 100, 36, 75, '.00', 0, '.00', 0, '.00', 0, '.00', 100, '', 353, 'A', 'F', '', 471, '', 1965, 1965, 0, '\r'),
(253870, 2015, 0, 212761, '01', 'A1', 'Y', 1965, '1 FAM DWELLING', 1, '', '1', 100, '', 0, '', 0, '', 0, '', 100, '', 203890, 301757, 'A', '', 'S15235: 0.00%; X1000: 148.00%', 1072319, 1, 0, 'WV', '*', '5-', 25.73, 100, 594, 75, '.00', 0, '.00', 0, '.00', 0, '.00', 100, '', 11463, 'A', 'F', '', 15284, '', 1965, 1965, 0, '\r'),
(253870, 2015, 0, 212761, '01', 'A1', 'Y', 1965, '1 FAM DWELLING', 1, '', '1', 100, '', 0, '', 0, '', 0, '', 100, '', 203890, 301757, 'A', '', 'S15235: 0.00%; X1000: 148.00%', 1072320, 1, 0, '*', '*', '*', 2.3, 100, 2908, 75, '.00', 0, '.00', 0, '.00', 0, '.00', 100, '', 5016, 'A', 'F', '', 6688, '', 1965, 1965, 0, '\r'),
(253870, 2015, 0, 212761, '01', 'A1', 'Y', 1965, '1 FAM DWELLING', 1, '', '1', 100, '', 0, '', 0, '', 0, '', 100, '', 203890, 301757, 'A', '', 'S15235: 0.00%; X1000: 148.00%', 1072321, 1, 0, '*', '*', '*', 0, 100, 2.7, 85, '.00', 0, '.00', 0, '.00', 0, '.00', 100, '', 0, 'F', 'F', '', 0, '', 1965, 1965, 0, '\r'),
(253870, 2015, 0, 212761, '01', 'A1', 'Y', 1965, '1 FAM DWELLING', 1, '', '1', 100, '', 0, '', 0, '', 0, '', 100, '', 203890, 301757, 'A', '', 'S15235: 0.00%; X1000: 148.00%', 1072322, 1, 0, '*', '*', '5-', 3450, 100, 1, 75, '.00', 0, '.00', 0, '.00', 0, '.00', 100, '', 2588, 'A', 'F', '', 3450, '', 1965, 1965, 0, '\r'),
(253870, 2015, 0, 212761, '01', 'A1', 'Y', 1965, '1 FAM DWELLING', 1, '', '1', 100, '', 0, '', 0, '', 0, '', 100, '', 203890, 301757, 'A', '', 'S15235: 0.00%; X1000: 148.00%', 1072323, 1, 0, '*', '*', '5-', 5.75, 100, 320, 75, '.00', 0, '.00', 0, '.00', 0, '.00', 100, '', 1380, 'A', 'F', '', 1840, '', 1965, 1965, 0, '\r'),
(253875, 2015, 0, 212766, '01', 'A1', 'Y', 1965, '1 FAM DWELLING', 1, '', '1', 100, '', 0, '', 0, '', 0, '', 100, '', 175239, 259354, 'A', '', 'S15235: 0.00%; X1000: 148.00%', 247769, 1, 0, 'WV', '01', '5-', 93.49, 100, 1701, 65, '.00', 0, '.00', 0, '.00', 0, '.00', 100, '', 103367, 'A', 'T', '0', 159026, 'F', 1965, 1965, 0, '\r'),
(253875, 2015, 0, 212766, '01', 'A1', 'Y', 1965, '1 FAM DWELLING', 1, '', '1', 100, '', 0, '', 0, '', 0, '', 100, '', 175239, 259354, 'A', '', 'S15235: 0.00%; X1000: 148.00%', 247770, 1, 0, 'WS', '01', '5-', 78.05, 100, 992, 65, '.00', 0, '.00', 0, '.00', 0, '.00', 100, '', 50327, 'A', 'F', '0', 77426, 'F', 1965, 1965, 0, '\r'),
(253875, 2015, 0, 212766, '01', 'A1', 'Y', 1965, '1 FAM DWELLING', 1, '', '1', 100, '', 0, '', 0, '', 0, '', 100, '', 175239, 259354, 'A', '', 'S15235: 0.00%; X1000: 148.00%', 1072365, 1, 0, '*', '*', '5-', 13.08, 100, 325, 65, '.00', 0, '.00', 0, '.00', 0, '.00', 100, '', 2763, 'A', 'F', '', 4251, '', 1965, 1965, 0, '\r'),
(253875, 2015, 0, 212766, '01', 'A1', 'Y', 1965, '1 FAM DWELLING', 1, '', '1', 100, '', 0, '', 0, '', 0, '', 100, '', 175239, 259354, 'A', '', 'S15235: 0.00%; X1000: 148.00%', 1072366, 1, 0, '*', '*', '5-', 13.08, 100, 168, 65, '.00', 0, '.00', 0, '.00', 0, '.00', 100, '', 1428, 'A', 'F', '', 2197, '', 1965, 1965, 0, '\r'),
(253875, 2015, 0, 212766, '01', 'A1', 'Y', 1965, '1 FAM DWELLING', 1, '', '1', 100, '', 0, '', 0, '', 0, '', 100, '', 175239, 259354, 'A', '', 'S15235: 0.00%; X1000: 148.00%', 1072367, 1, 0, 'WV', '*', '5-', 25.73, 100, 594, 65, '.00', 0, '.00', 0, '.00', 0, '.00', 100, '', 9935, 'A', 'F', '', 15284, '', 1965, 1965, 0, '\r'),
(253875, 2015, 0, 212766, '01', 'A1', 'Y', 1965, '1 FAM DWELLING', 1, '', '1', 100, '', 0, '', 0, '', 0, '', 100, '', 175239, 259354, 'A', '', 'S15235: 0.00%; X1000: 148.00%', 1072368, 1, 0, '*', '*', '*', 2.3, 100, 2693, 65, '.00', 0, '.00', 0, '.00', 0, '.00', 100, '', 4026, 'A', 'F', '', 6194, '', 1965, 1965, 0, '\r'),
(253875, 2015, 0, 212766, '01', 'A1', 'Y', 1965, '1 FAM DWELLING', 1, '', '1', 100, '', 0, '', 0, '', 0, '', 100, '', 175239, 259354, 'A', '', 'S15235: 0.00%; X1000: 148.00%', 1072369, 1, 0, '*', '*', '*', 0, 100, 2.2, 75, '.00', 0, '.00', 0, '.00', 0, '.00', 100, '', 0, 'F', 'F', '', 0, '', 1965, 1965, 0, '\r'),
(253875, 2015, 0, 212766, '01', 'A1', 'Y', 1965, '1 FAM DWELLING', 1, '', '1', 100, '', 0, '', 0, '', 0, '', 100, '', 175239, 259354, 'A', '', 'S15235: 0.00%; X1000: 148.00%', 1072371, 1, 0, '*', '*', '5-', 3450, 100, 1, 65, '.00', 0, '.00', 0, '.00', 0, '.00', 100, '', 2243, 'A', 'F', '', 3450, '', 1965, 1965, 0, '\r'),
(253875, 2015, 0, 212766, '01', 'A1', 'Y', 1965, '1 FAM DWELLING', 1, '', '1', 100, '', 0, '', 0, '', 0, '', 100, '', 175239, 259354, 'A', '', 'S15235: 0.00%; X1000: 148.00%', 1072373, 1, 0, '*', '*', '5-', 11500, 100, 1, 65, '-55.00', 0, '.00', 0, '.00', 0, '.00', 100, '', 1150, 'A', 'F', '0', 11500, 'P', 1965, 1965, 0, '\r'),
(253877, 2015, 0, 212768, '01', 'A1', 'Y', 1965, '', 1, '', '1', 0, '', 0, '', 0, '', 0, '', 100, '', 232746, 344464, 'A', '', 'S15235: 0.00%; X1000: 148.00%', 247772, 1, 0, 'WV', '01', '5-', 89.38, 100, 2914, 85, '.00', 0, '.00', 0, '.00', 0, '.00', 100, '', 221385, 'A', 'T', '', 260453, 'G', 1965, 1965, 0, '\r'),
(253877, 2015, 0, 212768, '01', 'A1', 'Y', 1965, '', 1, '', '1', 0, '', 0, '', 0, '', 0, '', 100, '', 232746, 344464, 'A', '', 'S15235: 0.00%; X1000: 148.00%', 1072386, 1, 0, '*', '*', '5-', 13.08, 100, 112, 85, '.00', 0, '.00', 0, '.00', 0, '.00', 100, '', 1245, 'A', 'F', '', 1465, '', 1965, 1965, 0, '\r'),
(253877, 2015, 0, 212768, '01', 'A1', 'Y', 1965, '', 1, '', '1', 0, '', 0, '', 0, '', 0, '', 100, '', 232746, 344464, 'A', '', 'S15235: 0.00%; X1000: 148.00%', 1072387, 1, 0, '*', '*', '*', 2.3, 100, 2914, 85, '.00', 0, '.00', 0, '.00', 0, '.00', 100, '', 5697, 'A', 'F', '', 6702, '', 1965, 1965, 0, '\r'),
(253877, 2015, 0, 212768, '01', 'A1', 'Y', 1965, '', 1, '', '1', 0, '', 0, '', 0, '', 0, '', 100, '', 232746, 344464, 'A', '', 'S15235: 0.00%; X1000: 148.00%', 1072388, 1, 0, '*', '*', '*', 0, 100, 2, 85, '.00', 0, '.00', 0, '.00', 0, '.00', 100, '', 0, 'F', 'F', '', 0, '', 1965, 1965, 0, '\r'),
(253877, 2015, 0, 212768, '01', 'A1', 'Y', 1965, '', 1, '', '1', 0, '', 0, '', 0, '', 0, '', 100, '', 232746, 344464, 'A', '', 'S15235: 0.00%; X1000: 148.00%', 1072389, 1, 0, '*', '*', '5-', 3450, 100, 1, 85, '.00', 0, '.00', 0, '.00', 0, '.00', 100, '', 2933, 'A', 'F', '', 3450, '', 1965, 1965, 0, '\r'),
(253877, 2015, 0, 212768, '01', 'A1', 'Y', 1965, '', 1, '', '1', 0, '', 0, '', 0, '', 0, '', 100, '', 232746, 344464, 'A', '', 'S15235: 0.00%; X1000: 148.00%', 1072390, 1, 0, '*', '*', '5-', 5.75, 100, 304, 85, '.00', 0, '.00', 0, '.00', 0, '.00', 100, '', 1486, 'A', 'F', '', 1748, '', 1965, 1965, 0, '\r'),
(253882, 2015, 0, 212773, '01', 'A1', 'Y', 1965, '', 1, '', '1', 0, '', 0, '', 0, '', 0, '', 100, '', 213771, 316381, 'A', '', 'S15235: 0.00%; X1000: 148.00%', 247777, 1, 0, 'WV', '01', '5-', 89.38, 100, 2940, 75, '.00', 0, '.00', 0, '.00', 0, '.00', 100, '', 197083, 'A', 'T', '0', 262777, 'A', 1965, 1965, 0, '\r'),
(253882, 2015, 0, 212773, '01', 'A1', 'Y', 1965, '', 1, '', '1', 0, '', 0, '', 0, '', 0, '', 100, '', 213771, 316381, 'A', '', 'S15235: 0.00%; X1000: 148.00%', 1072429, 1, 0, '*', '*', '5-', 13.08, 100, 94, 75, '.00', 0, '.00', 0, '.00', 0, '.00', 100, '', 923, 'A', 'F', '', 1230, '', 1965, 1965, 0, '\r'),
(253882, 2015, 0, 212773, '01', 'A1', 'Y', 1965, '', 1, '', '1', 0, '', 0, '', 0, '', 0, '', 100, '', 213771, 316381, 'A', '', 'S15235: 0.00%; X1000: 148.00%', 1072430, 1, 0, 'WV', '*', '5-', 25.73, 100, 420, 75, '.00', 0, '.00', 0, '.00', 0, '.00', 100, '', 8105, 'A', 'F', '', 10807, '', 1965, 1965, 0, '\r'),
(253882, 2015, 0, 212773, '01', 'A1', 'Y', 1965, '', 1, '', '1', 0, '', 0, '', 0, '', 0, '', 100, '', 213771, 316381, 'A', '', 'S15235: 0.00%; X1000: 148.00%', 1072431, 1, 0, '*', '*', '*', 2.3, 100, 2940, 75, '.00', 0, '.00', 0, '.00', 0, '.00', 100, '', 5072, 'A', 'F', '', 6762, '', 1965, 1965, 0, '\r'),
(253882, 2015, 0, 212773, '01', 'A1', 'Y', 1965, '', 1, '', '1', 0, '', 0, '', 0, '', 0, '', 100, '', 213771, 316381, 'A', '', 'S15235: 0.00%; X1000: 148.00%', 1072432, 1, 0, '*', '*', '*', 0, 100, 1.7, 90, '.00', 0, '.00', 0, '.00', 0, '.00', 100, '', 0, 'F', 'F', '', 0, '', 1965, 1965, 0, '\r'),
(253882, 2015, 0, 212773, '01', 'A1', 'Y', 1965, '', 1, '', '1', 0, '', 0, '', 0, '', 0, '', 100, '', 213771, 316381, 'A', '', 'S15235: 0.00%; X1000: 148.00%', 1072433, 1, 0, '*', '*', '5-', 3450, 100, 1, 75, '.00', 0, '.00', 0, '.00', 0, '.00', 100, '', 2588, 'A', 'F', '', 3450, '', 1965, 1965, 0, '\r');
